"reel_index","reel_shortcode","reel_url","publish_date","publish_date_raw","caption_full","hook_text","hook_type","duration_sec","duration_sec_raw","views","viewers_estimated_beta_reach","views_followers_pct","views_nonfollowers_pct","likes","comments","saves","shares","interactions_total","interactions_followers_pct","interactions_nonfollowers_pct","accounts_engaged","follows","follows_per_1000_views","saves_per_1000_views","shares_per_1000_views","comments_per_1000_views","likes_per_1000_views","interactions_per_1000_views","accounts_engaged_per_1000_views","primary_category","series","subtype_clean","subtype_raw","presentation_format_clean","presentation_format_raw","rotem_appears_clean","rotem_appears_raw","meir_appears_clean","meir_appears_raw","both_appear_clean","both_appear_raw","cta","commercial_status","source","notes"
"1","DcSxhVRIPAh","https://www.instagram.com/rotem_adini/reel/DcSxhVRIPAh/","2026-08-21","2026-08-21 (posted 'יום אחד'/1 day ago at time of inspection 2026-08-22)","קבלו את הפרק ה-14 בסדרה שלי ""איך לשדרג עוגת ביסקוויטים"" והפעם עוגת ביסקוויטים באונטי 🥥🍫 שכבות של ביסקוויטים וקרם קוקוס, ומעל הכול גנאש שוקולד מריר... [full ingredients + steps]","למה לאכול ישר מהתבנית (on-screen text, spoken while talking to camera)","Question","18.43","18.43","14609","8074","33.4%","66.6%","133","5","80","17","238","74.1%","25.9%","204","3","0.21","5.48","1.16","0.34","9.1","16.29","13.96","Food","Biscuit Cake series (episode 14 - 'איך לשדרג עוגת ביסקוויטים')","Biscuit cake","Biscuit cake","Talking to camera","Talking to camera","Yes","Yes (face clearly visible, talking/eating on camera)","No","No","No","No","No CTA","Organic","reused_from_previous_dataset","IMPORTANT data-quality observation: for this smaller/recent reel, the Views-section Followers/Non-followers split rendered as real percentages (33.4%/66.6%) and Interactions split rendered as real percentages (74.1%/25.9%), unlike reels 1-3 (large viral, older reels) where these fields displayed 'NaN%'. Also note viewers_estimated_beta_reach (8,074) is more than half of views (14,609) here, a very different ratio than reels 1-3 where it was a tiny fraction of views -- suggests the beta 'viewers' metric may behave inconsistently/unreliably at high view counts. Flagged as a significant limitation."
"2","DcGnYHOI4rK","https://www.instagram.com/rotem_adini/reel/DcGnYHOI4rK/","2026-08-17","2026-08-17 (posted '5 ימים'/5 days ago at time of inspection 2026-08-22)","איזה כיף שיש מסעדות טובות בדרום! ובתור שדרותית... תכירו את מילה האוס - מסעדה איטלקית כשרה למהדרין בשדרות... והכי שווה - כל מי שמגיע דרכי מקבל 1+1 על הקוקטיילים במסעדה (הטבה בתוקף עד 31.8). הרצל 27, שדרות. בשיתוף מילה האוס @mila_house_","איזה כיף שיש מסעדות טובות בדרום! (spoken/caption opening) / on-screen text 'בעיר הזאת'","Relatable statement","30.27","30.27","9658","6424","34.7%","65.3%","100","24","40","68","240","59.8%","40.2%","167","2","0.21","4.14","7.04","2.48","10.35","24.85","17.29","Collaboration","None","Restaurant","Restaurant","Voice-over demo","Voice-over (restaurant b-roll + on-screen text; Rotem's face not visible in inspected frame)","Unclear","Unclear (not visible in inspected frame; likely narrates via voice-over)","No","No (meir43214 only appears as a commenter, not in the video)","No","No","Other (limited-time 1+1 cocktail offer for followers who visit the restaurant, i.e. a 'visit' CTA tied to a promo code/mention)","Collaboration / Sponsored (explicit 'בשיתוף' / in-partnership-with tag with @mila_house_, a restaurant)","reused_from_previous_dataset","DATA CONFLICT: the on-page comment counter under the post showed '26', but the Insights panel's תגובות (comments) field showed 24. Both values recorded; comments field here uses the Insights panel figure (24) per instructions to prefer Insights as source of truth, but the conflict is flagged per evidence rules."
"3","DbZ-KukINCE","https://www.instagram.com/rotem_adini/reel/DbZ-KukINCE/","2026-08-16","2026-08-16 (posted '6 ימים'/6 days ago at time of inspection 2026-08-22)","ממשיכים בסדרת הדייטים שלנו לפי הא'-ב' והפעם האות י' דייט יצירה ויין 🍷🖌️ תתייגו את הפרטנר שלכם לדייט כזה 🥰👇🏻","ונפגש בדייט (on-screen text) / caption: ממשיכים בסדרת הדייטים שלנו לפי הא'-ב' והפעם האות י'","Series introduction","25.93","25.93","32028","24559","1%","99%","712","25","291","302","1338","4.3%","95.7%","1173","227","7.09","9.09","9.43","0.78","22.23","41.78","36.62","Couple","A-Z Dates (letter Yod / י - 'Creation and wine' date)","Date","Date","Mixed / Other","Mixed (outdoor date montage with some dialogue; both partners shown drinking wine on a picnic blanket)","Yes","Yes","Yes","Yes (inferred male partner in frame; not independently confirmed as Meir specifically vs. simply 'the partner', but consistent with baseline's Couple/A-Z Dates content featuring Meir)","Yes","Yes","Comment (caption explicitly asks: 'תתייגו את הפרטנר שלכם לדייט כזה' - tag your partner for a date like this)","Organic","reused_from_previous_dataset","99% non-follower reach on Views -- strong external discovery for this Couple/date-series reel, consistent with baseline's finding that couple content can reach heavily non-follower audiences. Follows (227) again exactly equals profile_activity (227) -- see cross-reel pattern note in collection notes file."
"4","Dbcu_l_oNzq","https://www.instagram.com/rotem_adini/reel/Dbcu_l_oNzq/","2026-07-31","2026-07-31","פרק 13 בסדרה ""איך לשדרג עוגת ביסקוויטים"" הגיע 💜 והפעם שילוב שלא ציפיתי להתאהב בו כל כך – פירות יער ושוקולד לבן... אם בא לכם את המתכון, תגיבו ""מתכון"" ואשלח לכם אותו 😍","פרק 13 בסדרה ""איך לשדרג עוגת ביסקוויטים"" הגיע (caption/likely spoken opening) / on-screen text 'זה פשוט...' (partial)","Series introduction","28.93","28.93","139927","13179","38.3%","61.7%","404","480","340","126","1361","57.1%","42.9%","872","40","0.29","2.43","0.9","3.43","2.89","9.73","6.23","Food","Biscuit Cake series (episode 13 - berries and white chocolate)","Biscuit cake","Biscuit cake","Voice-over demo","Voice-over / hands-only demo (spoon drizzling berry sauce over cake)","Yes","Yes (hands only)","No","No","No","No","Recipe keyword (caption: 'תגיבו מתכון ואשלח לכם אותו' - comment 'recipe' and I'll send it to you)","Organic","reused_from_previous_dataset","DATA CONFLICT: compact action-bar under the post showed a count of 565 next to the icon in the comment-count position, while the Insights panel's תגובות (comments) field showed 480. Recorded comments=480 from Insights (treated as the more authoritative owner-analytics source) but flagging the mismatch per evidence rules. This same bar-vs-Insights mismatch pattern should be checked across all reels."
"5","DbTLmQZowW4","https://www.instagram.com/rotem_adini/reel/DbTLmQZowW4/","2026-07-27","2026-07-27","מאיר היה בטוח שהוא זוכר הכול על הזוגיות שלנו... אז החלטתי לבדוק את זה כמו שצריך 😂 מה אתם אומרים - מי אצלכם זוכר יותר דברים מהזוגיות? לכבוד ט""ו באב הכנתי חבילה זוגית מיוחדת ב-100 ₪ [3 couples games + date invitations product promo] ... לרכישה דרך הקישור בביו, או הגיבו ""משחק"" ואשלח לכם את הקישור בפרטי 💝","POV: הזוג שלך בטוח שהוא זוכר הכול על הזוגיות שלכם... (on-screen text)","Curiosity","41.73","41.73","13352","9089","24.5%","75.5%","134","17","12","8","174","48.3%","51.7%","163","1","0.07","0.9","0.6","1.27","10.04","13.03","12.21","Couple","None (references her own 'מירוץ האהבה' etc. game products/highlight, but this post itself is a Tu B'Av product promo, not a numbered series episode)","Couple game","Couple game (also functions as a product/sale promotion for her own couples-game bundle, ₪100, Tu B'Av offer)","Talking to camera","Talking to camera","Yes","Yes (clearly, talking to camera on a couch)","Unclear","Unclear (named/tagged in caption and comments, not clearly visible in the inspected frame)","Unclear","Unclear","Other (comment the keyword 'משחק'/'game' to receive a purchase link via DM, or use bio link)","Organic (self-promotion of her own product, not a third-party brand collaboration)","reused_from_previous_dataset","DATA CONFLICT: action bar showed comment count 23, Insights panel showed תגובות (comments) = 17. Recorded 17 from Insights; conflict flagged. Duration shown briefly as '0:01' in raw insights text extraction (this is a UI playback-position artifact, not the true duration -- true duration taken from the video element's .duration property = 41.73s)."
"6","DbDDuQ7okoJ","https://www.instagram.com/rotem_adini/reel/DbDDuQ7okoJ/","2026-07-21","2026-07-21","מכירים את זה שאתם בדודא למשהו מלוח ומושחת? אז זה בדיוק המתכון בשבילכם 😍 כדורי פירה עם מוצרלה ופרמזן, קריספיים מבחוץ וממכרים ברמות. לטיגון השתמשתי בסיר לטיגון העמוק של אגדורה. רוצים את המתכון ואת הקישור לסיר? תגיבו לי ""מתכון"" ואשלח לכם הכול בפרטי 🩷 בשיתוף ממומן עם אגדורה @agadura_il","מכירים את זה שאתם בדודא למשהו מלוח ומושחת? (spoken/caption opening)","Question","29.1","29.1","22433","14549","23.7%","76.3%","267","68","114","80","534","51.6%","48.4%","399","2","0.09","5.08","3.57","3.03","11.9","23.8","17.79","Collaboration","None","Other","Other (savory fried mashed-potato/mozzarella balls, product placement for a deep fryer)","Talking to camera","Talking to camera","Yes","Yes (clearly, talking/eating on camera)","No","No","No","No","Recipe keyword (comment 'מתכון' to receive recipe + product link via DM)","Collaboration / Sponsored (explicit 'בשיתוף ממומן' / paid partnership tag with @agadura_il)","reused_from_previous_dataset","IMPORTANT: unlike organic reels (which label this metric 'צופים' / Viewers and mark it estimated/beta), this sponsored reel's Insights panel instead showed 'חשבונות Meta שהגעת אליהם' (Meta accounts you reached) = 14,549, with a caveat that it excludes time the Reel ran as a paid ad. This appears to be a genuine Reach-style metric, distinct from the beta 'Viewers' label seen on organic reels -- recorded here in the same viewers_estimated_beta_reach column for consistency, but the underlying metric label differs; flagged as a cross-reel pattern (paid/collab posts show 'accounts reached' language, organic posts show 'beta viewers' language). DATA CONFLICT: action bar showed comment count 84, Insights showed תגובות=68 (Insights count used); this bar>Insights comment discrepancy has now appeared in multiple reels."
"7","Da4mVc5I2RM","https://www.instagram.com/rotem_adini/reel/Da4mVc5I2RM/","2026-07-17","2026-07-17","עוגת שמרים שקדים נוטלה - אחד השילובים הנדירים לעוגת שמרים 😍 [full dough, almond cream, nutella, sugar-syrup recipe with detailed steps]","אני מודה שלבחור... (on-screen text, partial/cut off - appears to be a personal-confession style opener about choosing between flavors)","Personal confession","23.8","23.8","30498","16804","22.8%","77.2%","242","7","148","26","427","61.4%","38.6%","369","8","0.26","4.85","0.85","0.23","7.93","14","12.1","Food","None","Cake","Cake","Voice-over demo","Voice-over / hands-only demo","Yes","Yes (hands only)","No","No (meir43214 only comments)","No","No","No CTA","Organic","reused_from_previous_dataset","Action-bar comment count (7) matched Insights תגובות (7) exactly for this reel -- no conflict here, unlike several other reels."
"8","DamgunpI1gA","https://www.instagram.com/rotem_adini/reel/DamgunpI1gA/","2026-07-10","2026-07-10","אמאלה איך כל כך הרבה שנים לא ידעתי כמה טוב זה פקאן מסוכר 🤯 קבלו את הפרק ה-12 בסדרה שלי ""איך לשדרג עוגת ביסקוויטים"" והפעם עוגת ביסקוויטים פקאן מסוכר 💘 [full recipe: coffee-dipped biscuits, cream, white chocolate ganache with candied pecan]","אמאלה איך כל כך הרבה שנים לא ידעתי כמה טוב זה פקאן מסוכר (caption/spoken) / on-screen text 'שפתאום כשאני טועמת אותם...' (partial)","Personal confession","25","25","179408","35764","25.8%","74.2%","762","696","613","180","2275","47.4%","52.6%","1686","82","0.46","3.42","1","3.88","4.25","12.68","9.4","Food","Biscuit Cake series (episode 12 - candied pecan)","Biscuit cake","Biscuit cake","Talking to camera","Talking to camera","Yes","Yes (clearly, talking to camera, holding/tasting cake)","No","No (meir43214 only comments)","No","No","No CTA (full recipe already given in caption; many viewers still commented 'מתכון' organically but she did not prompt it)","Organic","reused_from_previous_dataset","DATA CONFLICT: action bar comment count 719 vs Insights תגובות 696 (bar>Insights pattern continues)."
"9","DZeb5pNoXKH","https://www.instagram.com/rotem_adini/reel/DZeb5pNoXKH/","2026-06-12","2026-06-12","עוגיות מיני קקאו ושוקולד לבן מושלמות לקורנפלקס!!! מה אומרים? להתחיל סדרת קורנפלקס חדשה? 😍👇🏻 [full cookie recipe and baking steps]","תקראו לי הזויה (on-screen text, 'call me crazy')","Contrarian statement","23.47","23.47","50004","3772","11.2%","88.8%","472","23","332","106","946","41%","59%","823","5","0.1","6.64","2.12","0.46","9.44","18.92","16.46","Food","None (proposes a potential new 'cornflake cookies' series in the caption; not an established recurring series at time of inspection)","Dessert","Dessert","Voice-over demo","Voice-over / hands-and-product shots (cookies shown, no face in inspected frame)","Yes","Yes (hands only in inspected frame)","No","No (meir43214 only comments)","No","No","Comment (caption asks 'מה אומרים? להתחיל סדרת קורנפלקס חדשה?' - inviting audience opinion/comments)","Organic","reused_from_previous_dataset","Action-bar comment count (23) matched Insights (23) exactly. Low viewers_estimated_beta_reach (3,772) relative to views (50,004) again, similar to the large older viral reels -- the pattern is not strictly about recency."
"10","DZMcHxIIxEN","https://www.instagram.com/rotem_adini/reel/DZMcHxIIxEN/","2026-06-05","2026-06-05","ברוכים הבאים לפרק 11 בסדרה שלי ""איך לשדרג עוגת ביסקוויטים ✨"" והפעם- עוגת בומב אוראו מושחתת במיוחד!!! [full recipe: Oreo-studded cream, biscuits dipped in milk, dark/milk chocolate ganache]","שהבינו את החיים (on-screen text, 'they figured life out')","Series introduction","27.13","27.13","47071","3072","20.8%","79.2%","361","12","223","92","697","56.8%","43.2%","627","16","0.34","4.74","1.95","0.25","7.67","14.81","13.32","Food","Biscuit Cake series (episode 11 - Oreo bomb cake)","Biscuit cake","Biscuit cake","Voice-over demo","Voice-over / body-and-hands demo (pouring ganache; face not visible in inspected frame)","Yes","Yes (body/hands visible, face not confirmed in inspected frame)","No","No (meir43214 only comments)","No","No","No CTA","Organic","reused_from_previous_dataset","DATA CONFLICT: action bar comment count 16 vs Insights תגובות 12."
"11","DZIHLuLoyjH","https://www.instagram.com/rotem_adini/reel/DZIHLuLoyjH/","2026-06-03","2026-06-03","ממשיכים בסדרת הדייטים שלנו לפי הא'-ב' והפעם האות ט' דייט טניס 🎾 עפנו על הדייט ברמות וזה אחלה גיוון ❤️ תרשמו לי אם אהבתם את הרעיון 😍✌🏻","לפי הא'-ב' (on-screen text) / caption: ממשיכים בסדרת הדייטים שלנו לפי הא'-ב' והפעם האות ט'","Series introduction","16.77","16.77","19592","3247","11.1%","88.9%","133","9","16","38","198","31.2%","68.8%","180","4","0.2","0.82","1.94","0.46","6.79","10.11","9.19","Couple","A-Z Dates (letter Tet / ט - Tennis date)","Date","Date","Montage","Montage (wide shot of both playing tennis)","Yes","Yes","Yes","Yes","Yes","Yes","Comment (caption: 'תרשמו לי אם אהבתם את הרעיון' - comment if you liked the idea)","Organic","reused_from_previous_dataset","Action-bar comment count (9) matched Insights (9) exactly."
"12","DZC6ahtIJQE","https://www.instagram.com/rotem_adini/reel/DZC6ahtIJQE/","2026-06-01","2026-06-01","גלידוניות קורנפלקס מושלמות עכשיו לקיץ!!! [full recipe: cornflake crust, whipped cream + condensed milk filling, white chocolate + cornflake coating]","תוכח איתי על זה (on-screen text, partial - 'argue with me about this')","Contrarian statement","19.78","19.78","256514","14703","4.8%","95.2%","3444","15","2465","1576","7566","10.5%","89.5%","6603","68","0.27","9.61","6.14","0.06","13.43","29.5","25.74","Food","None (possibly an informal 'cornflake desserts' theme -- see also reel DZeb5pNoXKH/#12, an 11-days-later cornflake cookie reel whose caption asks whether to start a dedicated cornflake series)","Dessert","Dessert","Talking to camera","Talking to camera (eating reaction shot, eyes closed)","Yes","Yes (clearly, face visible, eating on camera)","No","No (meir43214 only comments)","No","No","No CTA","Organic","reused_from_previous_dataset","High-performing Reel: 95.2% non-follower views, very strong saves (2,465) and shares (1,576) relative to likes. DATA CONFLICT: action-bar comment count 22 vs Insights תגובות 15."
"13","DYzfLC7ozN0","https://www.instagram.com/rotem_adini/reel/DYzfLC7ozN0/","2026-05-26","2026-05-26","ברוכים הבאים לפרק העשירי בסדרה שלי ""איך לשדרג עוגת ביסקוויטים ✨"" ולכבוד הפרק העשירי הכנתי עוגת ביסקוויטים טריפל שוקולד שיוצאת משוגע!! אם אהבתם הגיבו ""מתכון"" ואשלח לכם מתכון 😍","שאני לא היחידה (on-screen text, partial - 'that I'm not the only one')","Relatable statement","26.17","26.17","118823","2710","15.2%","84.8%","721","483","383","120","1721","39.4%","60.6%","1299","57","0.48","3.22","1.01","4.06","6.07","14.48","10.93","Food","Biscuit Cake series (episode 10 - triple chocolate)","Biscuit cake","Biscuit cake","Voice-over demo","Voice-over / hands-only demo (grating chocolate)","Yes","Yes (hands only)","No","No (meir43214 only comments)","No","No","Recipe keyword (comment 'מתכון' to receive recipe)","Organic","reused_from_previous_dataset","DATA CONFLICT: action-bar comment count 552 vs Insights תגובות 483."
"14","DYkByyoI4Fb","https://www.instagram.com/rotem_adini/reel/DYkByyoI4Fb/","2026-05-20","2026-05-20","ממשיכים בסדרת הדייטים שלנו לפי הא'-ב' והפעם האות ח' דייט חימר ✊🏻 מה אומרים למי יצא יותר יפה? 🤪❤️","ממשיכים בסדרת הדייטים שלנו (on-screen text + caption)","Series introduction","28.27","28.27","60074","4421","9.9%","90.1%","1070","27","266","393","1776","19.2%","80.8%","1593","170","2.83","4.43","6.54","0.45","17.81","29.56","26.52","Couple","A-Z Dates (letter Het / ח - Clay/pottery date)","Date","Date","Montage","Montage/Talking (Meir shown sculpting clay at a table; commenters note some viewers thought the material was 'clay/kinetic sand' vs 'חימר')","Unclear","Unclear (not visible in inspected frame; likely present off-camera or in another shot of a couple date)","Yes","Yes (clearly, sculpting clay at the table)","Unclear","Unclear (only Meir visible in inspected frame)","Comment (caption asks 'מה אומרים למי יצא יותר יפה?' - whose came out prettier?)","Organic","reused_from_previous_dataset","Strong Follows (170) relative to views for a Couple/date-series reel, consistent with baseline's finding that couple content converts to follows more efficiently than food content."
"15","DYWTlGGI3cG","https://www.instagram.com/rotem_adini/reel/DYWTlGGI3cG/","2026-05-15","2026-05-15","רולדת שמרים עוגת גבינה 🤍 [full dough + cheesecake filling recipe, sugar syrup glaze]","יש רגע בחיים (on-screen text, 'there's a moment in life...') - a nostalgic personal story about grandma's coffee-milk, per viewer comment reaction","Story opening","23.57","23.57","37167","3127","17.9%","82.1%","285","15","246","59","609","50.5%","49.5%","550","11","0.3","6.62","1.59","0.4","7.67","16.39","14.8","Food","None","Cake","Cake","Talking to camera","Talking to camera","Yes","Yes (clearly, talking to camera while mixing)","No","No","No","No","No CTA","Organic","reused_from_previous_dataset","DATA CONFLICT: action-bar comment count 20 vs Insights תגובות 15. A viewer comment referencing a shared childhood memory (grandma making coffee-milk) suggests this reel included a personal nostalgic story, supporting the 'Story opening' hook classification."
"16","DYPe_G9o1IH","https://www.instagram.com/rotem_adini/reel/DYPe_G9o1IH/","2026-05-12","2026-05-12","טבלת שוקולד קרם עוגיות!! הקינוח הכי ממכר שתכינו - מבחוץ שכבת שוקולד חלב קראנצ'ית ובפנים קרם אוראו מושלם 😍 אפשר לשמור גם במקרר וגם במקפיא. אם אהבתם תגיבו ""מתכון"" ואשלח לכם 🩷","אני פה הראשונות (on-screen text, partial/unclear wording)","Other","22.37","22.37","106959","3104","9.3%","90.7%","1505","296","305","221","2351","19.7%","80.3%","2011","66","0.62","2.85","2.07","2.77","14.07","21.98","18.8","Food","None","Dessert","Dessert","Talking to camera","Talking to camera (holding chocolate bar)","Yes","Yes (clearly, face visible, talking to camera)","No","No","No","No","Recipe keyword (comment 'מתכון' to receive recipe)","Organic","reused_from_previous_dataset","On-screen hook text partially illegible from the captured frame; marked hook_type 'Other' rather than guessing. DATA CONFLICT: action-bar comment count 318 vs Insights תגובות 296."
"17","DXt-xgniPIs","https://www.instagram.com/rotem_adini/reel/DXt-xgniPIs/","2026-04-29","2026-04-29","ממשיכים בסדרת הדייטים שלנו לפי הא'-ב' והפעם האות ז' דייט בזריחה 🌅 תייגו את הפרטנר שיזרום איתכם על דייט מושקע כזה 👇🏻🥰","ממשיכים בסדרת הדייטים שלנו (on-screen text + caption)","Series introduction","22.94","22.94","49933","3867","6.7%","93.3%","1167","22","214","393","1813","15.8%","84.2%","1621","121","2.42","4.29","7.87","0.44","23.37","36.31","32.46","Couple","A-Z Dates (letter Zayin / ז - Sunrise date)","Date","Date","Montage","Montage (picnic at sunrise, both seated eating together)","Yes","Yes","Yes","Yes","Yes","Yes","Comment (caption: 'תייגו את הפרטנר שיזרום איתכם' - tag your partner)","Organic","reused_from_previous_dataset","Another strong Couple/date-series performer for follows (121) relative to a comparatively modest view count (49,933) -- consistent with baseline's couple-conversion pattern."
"18","DXoyXt1ooZe","https://www.instagram.com/rotem_adini/reel/DXoyXt1ooZe/","2026-04-27","2026-04-27","ברוכים הבאים לסדרה החדשה שלי ""שלוק של קיץ ☀️"" והפעם - קפה קר קרמל [full caramel recipe + iced coffee assembly steps]","הקיץ כבר כאן (on-screen text, 'summer is already here')","Series introduction","20.07","20.07","62158","2639","9.2%","90.8%","1004","25","461","358","1866","17.9%","82.1%","1621","89","1.43","7.42","5.76","0.4","16.15","30.02","26.08","Food","שלוק של קיץ / 'Sip of Summer' series (episode 1 - salted caramel iced coffee)","Other","Other (cold beverage/drink recipe, not covered by the standard food subtypes)","Voice-over demo","Voice-over / hands-only demo","Yes","Yes (hands only)","No","No (meir43214 only comments)","No","No","No CTA","Organic","reused_from_previous_dataset","Action-bar comment count (25) matched Insights (25) exactly. New named series launch."
"19","DXgRw3JoY52","https://www.instagram.com/rotem_adini/reel/DXgRw3JoY52/","2026-04-24","2026-04-24","הפרק התשיעי בסדרה שלנו ""איך לשדרג עוגת ביסקוויטים"" והפעם- כדורי עוגת ביסקוויטים 😍 זה ממכר זה טעים וזה פשוט כמו גרעינים אהבתם? תגיבו ""מתכון"" וישר אשלח לכם אותו 💘","אי אפשר... (on-screen text, partial) / caption: זה ממכר זה טעים וזה פשוט כמו גרעינים","Relatable statement","25.2","25.2","213339","2406","8.3%","91.7%","1931","289","862","479","3593","18.2%","81.8%","3072","75","0.35","4.04","2.25","1.35","9.05","16.84","14.4","Food","Biscuit Cake series (episode 9 - cake balls/truffles)","Biscuit cake","Biscuit cake","Voice-over demo","Voice-over / hands-only demo","Yes","Yes (hands only)","No","No (meir43214 only comments)","No","No","Recipe keyword (comment 'מתכון' to receive recipe)","Organic","newly_inspected_for_latest40_task","Newly inspected for the latest-40 task (not in previous dataset). DATA CONFLICT: action-bar comment count 349 vs Insights תגובות 289."
"20","DXUO5ikIc9J","https://www.instagram.com/rotem_adini/reel/DXUO5ikIc9J/","2026-04-19","2026-04-19","אנחנו ממשיכים בסדרת הדייטים שלנו והפעם האות ו' דייט משחקי וידאו 🎮 👾 תתייגו את הפרטנר שלכם לערב כזה 👇🏻💘","אנחנו ממשיכים (on-screen text + caption, series intro)","Series introduction","25.03","25.03","330519","3619","2%","98%","6134","176","909","3120","10446","4.7%","95.3%","9795","630","1.91","2.75","9.44","0.53","18.56","31.6","29.64","Couple","A-Z Dates (letter Vav / ו - Video game date)","Date","Date","Mixed / Other","Talking/Montage (in bed with a game controller and TV; both partners' hands visible)","Yes","Yes","Yes","Yes (inferred; partner's hands visible with controller)","Yes","Yes","Comment (caption: 'תתייגו את הפרטנר שלכם' - tag your partner)","Organic","newly_inspected_for_latest40_task","Newly inspected for the latest-40 task. Very high performer for follows (630) and 98% non-follower views -- one of the strongest Couple/date-series reels in the whole dataset so far. DATA CONFLICT: action-bar comment count 177 vs Insights תגובות 176 (minor)."
"21","DXOOpl-odb5","https://www.instagram.com/rotem_adini/reel/DXOOpl-odb5/","2026-04-17","2026-04-17","עוגת מוס שוקולד על בסיס ביסקוויטים ✨ [full chocolate mousse cake recipe: petit-beurre base, dark chocolate ganache mousse]","שהברכה לחיים של גבר (on-screen text, partial - ties to the theme of 'winning a man's heart', echoed in viewer comments)","Relatable statement","23.53","23.53","140993","2016","15.4%","84.6%","909","24","912","209","2068","32.2%","67.8%","1794","70","0.5","6.47","1.48","0.17","6.45","14.67","12.72","Food","None","Cake","Cake","Talking to camera","Talking to camera (holding plated slice)","Yes","Yes (clearly, face visible, talking to camera)","No","No","No","No","No CTA","Organic","newly_inspected_for_latest40_task","Newly inspected for the latest-40 task. Saves (912) exceed likes (909). DATA CONFLICT: action-bar comment count 41 vs Insights תגובות 24."
"22","DXEmU6ioT1W","https://www.instagram.com/rotem_adini/reel/DXEmU6ioT1W/","2026-04-13","2026-04-13","גדלתי בשנה 🥳🍾🎉","גדלתי בשנה (caption, personal birthday announcement)","Personal confession","11.12","11.12","18884","1648","22.6%","77.4%","109","33","8","5","158","65.7%","34.3%","122","3","0.16","0.42","0.26","1.75","5.77","8.37","6.46","Personal","None","Other","Other (birthday celebration post)","Talking to camera","Talking to camera (holding a birthday cake)","Yes","Yes (clearly, face visible)","No","No (meir43214 comments 'אוהב אותך המון' - only in comments, not confirmed in video)","No","No","No CTA","Organic","newly_inspected_for_latest40_task","Newly inspected for the latest-40 task. Personal/non-recipe content (birthday). Notably low saves (8) and shares (5) relative to likes (109) -- consistent with personal content being less 'savable' than recipes. DATA CONFLICT: action-bar comment count 46 vs Insights תגובות 33."
"23","DW8LWEPo2F8","https://www.instagram.com/rotem_adini/reel/DW8LWEPo2F8/","2026-04-10","2026-04-10","הגענו כבר לפרק השמיני בסדרה שלנו ""איך לשדרג עוגת ביסקוויטים"" והפעם עוגת ביסקוויטים אלפחורס ✨ [full dulce-de-leche/coconut cream layered biscuit cake recipe with white chocolate ganache]","ידעתם שהמקור של אלפחורס... (on-screen text, 'did you know the origin of alfajores...')","Curiosity","26.44","26.44","248882","2435","8%","92%","2368","31","2152","1249","5843","16.3%","83.7%","4902","232","0.93","8.65","5.02","0.12","9.51","23.48","19.7","Food","Biscuit Cake series (episode 8 - Alfajores)","Biscuit cake","Biscuit cake","Talking to camera","Talking to camera (eating, holding plated slice)","Yes","Yes (clearly, face visible)","No","No (meir43214 only comments)","No","No","No CTA","Organic","newly_inspected_for_latest40_task","Newly inspected for the latest-40 task. Strong performer: 232 follows, saves (2,152) nearly equal to likes (2,368), high non-follower reach (92%). The 'origin of alfajores' hook sparked an active debate thread in the comments about cultural origin. DATA CONFLICT: action-bar comment count 57 vs Insights תגובות 31."
"24","DW0xhW7CGGy","https://www.instagram.com/rotem_adini/reel/DW0xhW7CGGy/","2026-04-07","2026-04-07","בואו איתנו לטיול זוגי במדבר 🐫🏜️","של 30 שעות (on-screen text, partial - 'of 30 hours', teasing the trip's length)","Curiosity","42.9","42.9","29256","1789","9.7%","90.3%","368","26","46","78","519","20.1%","79.9%","476","3","0.1","1.57","2.67","0.89","12.58","17.74","16.27","Couple","None","Personal","Personal relationship moment (desert road trip, co-tagged with @meir43214)","Montage","Montage (car/desert scenery shots)","Unclear","Unclear (not visible in inspected frame -- car window/road view)","Unclear","Unclear (co-tagged as a post collaborator with @meir43214, but not confirmed visible in inspected frame)","Unclear","Unclear","No CTA","Organic","newly_inspected_for_latest40_task","Newly inspected for the latest-40 task. This post is co-authored with @meir43214 (his own account, not a brand) -- unlike the @israeli_kitchen collaborations, Insights WERE accessible here, confirming that Insights access depends on account ownership/co-authorship type, not just being 'tagged'. Action-bar comment count (26) matched Insights (26) exactly."
"25","DWvhPCViCPa","https://www.instagram.com/rotem_adini/reel/DWvhPCViCPa/","2026-04-05","2026-04-05","שוקו פאי מצה 😍 הקינוח הכי מושלם שאפשר להכין ממצה [full Passover matzah french-toast roll recipe with Nutella and white chocolate]","אם ככה במקרה (on-screen text, partial)","Other","20.43","20.43","80859","1552","8%","92%","639","11","296","559","1527","16.8%","83.2%","1284","14","0.17","3.66","6.91","0.14","7.9","18.88","15.88","Food","None","Dessert","Dessert (Passover/matzah-based dessert)","Voice-over demo","Voice-over (torso/hands visible, no face in inspected frame)","Yes","Yes (torso/hands visible)","No","No","No","No","No CTA","Organic","newly_inspected_for_latest40_task","Newly inspected for the latest-40 task. Holiday-themed (Passover) recipe. Strong shares (559) relative to likes (639). Action-bar comment count (11) matched Insights (11) exactly. On-screen hook text was only partially legible from the captured frame."
"26","DWqM_oqiJXi","https://www.instagram.com/rotem_adini/reel/DWqM_oqiJXi/","2026-04-03","2026-04-03","מצה בריי מושחתת עם גבינות 💘 [full savory matzah brei recipe with mozzarella and Bulgarian cheese]","שהכי בא לי (on-screen text, partial - 'what I feel like most')","Relatable statement","18.78","18.78","236704","1516","10.9%","89.1%","1058","15","962","717","2775","25.7%","74.3%","2376","45","0.19","4.06","3.03","0.06","4.47","11.72","10.04","Food","None","Savory","Savory (Passover matzah brei with cheese)","Voice-over demo","Voice-over / hands-only demo","Yes","Yes (hands only)","No","No (meir43214 only comments)","No","No","No CTA","Organic","newly_inspected_for_latest40_task","Newly inspected for the latest-40 task. High saves (962) and shares (717) relative to likes (1,058). DATA CONFLICT: action-bar comment count 35 vs Insights תגובות 15."
"27","DWYQmhiCFLu","https://www.instagram.com/rotem_adini/reel/DWYQmhiCFLu/","2026-03-27","2026-03-27","עוגת פירמידה לפסח ברוכים הבאים לפרק השביעי בסדרה שלנו ""איך לשדרג עוגת ביסקוויטים"" והפעם עוגת ביסקוויטים בצורת פירמידה מושלמת לפסח [full wine-cookie pyramid cake recipe with peanut-butter cream]","עוגת פירמידה לפסח (on-screen text, result-first)","Result-first","22.67","22.67","129240","1448","11.9%","88.1%","960","53","339","403","1774","27.3%","72.7%","1485","40","0.31","2.62","3.12","0.41","7.43","13.73","11.49","Food","Biscuit Cake series (episode 7 - Passover pyramid cake)","Biscuit cake","Biscuit cake","Voice-over demo","Voice-over / hands-and-torso demo (holding the cake)","Yes","Yes (torso/hands, face not fully confirmed in inspected frame)","No","No (meir43214 only comments)","No","No","No CTA","Organic","newly_inspected_for_latest40_task","Newly inspected for the latest-40 task. Holiday-themed (Passover) creative format episode of the Biscuit Cake series. DATA CONFLICT: action-bar comment count 59 vs Insights תגובות 53."
"28","DRZzKvNCDf7","https://www.instagram.com/rotem_adini/reel/DRZzKvNCDf7/","2026-03-26","2026-03-26","קרפ בולללל כמו של הקניון רק ב75 קלוריות ליחידה. מה נצטרך? 2 ביצים, כוס חד פעמית חלב (240 מל), 60 גרם קמח, 10 גרם חמאה מומסת, תמצית וניל, 2 כפות תחליף סוכר. [full recipe + method]. כל הבלילה: 600 קלוריות, 29 חלבון, 57.8 פחמימה, 27.1 שומן. לי יצאו 8 קרפים כך שכל קרפ 75 קלוריות. #דלקלוריות","אני רוצה להכיר את הבן אדם (on-screen text overlay)","Relatable statement","19.17","19.17","754175","1704","0.4%","99.6%","2934","28","2775","1934","7724","1.6%","98.4%","6563","110","0.15","3.68","2.56","0.04","3.89","10.24","8.7","Food","N/A","Dessert","Quick recipe / Dessert (low-calorie crepe)","Hands-only demo","Hands-only demo (voice-over likely, not confirmed)","Unclear","Unclear (hands only visible in inspected frame)","No","No","No","No","No CTA visible in extracted text","Organic","newly_inspected_for_latest40_task","Newly inspected for the latest-40 task. High-reach low-calorie recipe reel (754,175 views is the highest of the 19 newly-inspected reels in this batch). DATA CONFLICT: front-end action-bar numbers displayed as '2.9K / 92 / 53' near the Insights button, but Insights panel shows comments=28, which does not match either 92 or 53 — recorded as-is per evidence rules, not resolved. Also note: raw page text briefly showed stray values '2,934 / 92 / 0:02' at the very top of the Insights extraction, consistent with the previously-documented partial-render artifact; the fuller panel text below is what was used for all recorded metrics."
"29","DWTyHsjiDvf","https://www.instagram.com/rotem_adini/reel/DWTyHsjiDvf/","2026-03-25","2026-03-25","עוגיות בראוניז במילוי שוקולד לבן נדירות לפסח 😍 קראנצ׳יות מבחוץ ורכות מבפנים ✨ אהבתם? הגיבו ״מתכון״ וישר אשלח לכם אותו 💘","פסח עוד שנייה כאן (on-screen text overlay, approx. 'Passover is just a moment away')","Series intro/Curiosity (holiday countdown framing)","23.57","23.57","148213","1535","3.9%","96.1%","3182","1820","2453","2255","9815","6.9%","93.1%","7283","173","1.17","16.55","15.21","12.28","21.47","66.22","49.14","Food","N/A","Dessert","Dessert (Passover-themed brownie cookies)","Hands-only demo","Hands-only demo","Unclear","Unclear (hands only visible in inspected frame)","No","No (meir43214 only comments)","No","No","Comment 'מתכון' (recipe) to receive the recipe via DM","Organic","newly_inspected_for_latest40_task","Newly inspected for the latest-40 task. High comment volume driven directly by the comment-to-receive-recipe CTA (front-end bar '1.9K' comments matches Insights תגובות=1,820, no conflict here)."
"30","DWJzStViPL7","https://www.instagram.com/rotem_adini/reel/DWJzStViPL7/","2026-03-21","2026-03-21","תייגו את הפרטנר שצריך לעשות איתכם דייט פצצות שוקו 🍫💣 #זוגיות #דייטים #רעיונותלזוגות","זה הסימן שלכם POV: לעשות ערב פצצת שוקו זוגי (on-screen text overlay)","Curiosity (POV framing)","21.29","21.29","37371","1784","20.3%","79.7%","228","16","58","75","381","40.8%","59.2%","330","5","0.13","1.55","2.01","0.43","6.1","10.2","8.83","Couple","N/A (date-idea reel, not part of a formally numbered series)","Couple game","Couple game / date idea (chocolate bomb date night)","Hands-only demo","POV hands-only demo","Unclear","Unclear (hands-only POV shot; caption indicates a couple's date-night premise but neither Rotem's nor Meir's face is confirmed in the inspected frame)","Unclear","Unclear (see above; meir43214 comments on the post but is not confirmed visually)","Unclear","Unclear","Tag the partner you'd do this chocolate-bomb date with","Organic","newly_inspected_for_latest40_task","Newly inspected for the latest-40 task. Track used is credited 'Arik Einstein, Yoni Rechter - Adon Shoko'. Lowest-reach reel inspected so far in this batch (37,371 views). Front-end bar comment count (16) matches Insights תגובות (16), no conflict."
"31","DWGVi7kCOtU","https://www.instagram.com/rotem_adini/reel/DWGVi7kCOtU/","2026-03-20","2026-03-20","הפרק השישי בסדרה שלנו ״איך לשדרג עוגת ביסקווטים״ והפעם- עוגת ביסקוויטים בתוך עוגת קרפים! 😍 אהבתם? תגיבו ״מתכון״ וישר אשלח אליכם ✌🏻","לפרק השישי!! (on-screen text overlay)","Series intro","21.08","21.08","24245","1366","25%","75%","157","42","53","20","277","57.7%","42.3%","221","8","0.33","2.19","0.82","1.73","6.48","11.43","9.12","Food","Biscuit Cake series (episode 6 - biscuit cake inside a crepe cake)","Biscuit cake","Biscuit cake","Talking to camera","Talking to camera, holding the finished cake","Yes","Yes (face clearly visible)","No","No (meir43214 only comments)","No","No","Comment 'מתכון' (recipe) to receive the recipe via DM","Organic","newly_inspected_for_latest40_task","Newly inspected for the latest-40 task. DATA CONFLICT: front-end action-bar comment count 45 vs Insights תגובות 42."
"32","DV0RzSKCEw6","https://www.instagram.com/rotem_adini/reel/DV0RzSKCEw6/","2026-03-13","2026-03-13","הפרק החמישי בסדרה שלי ״איך לשדרג עוגת ביסקוויטים ✨״ - עוגת ביסקוויטים לימונענע ✊🏻 לימון בקינוחים מביא פרשיות מיוחדת וזה בין האהובים עליי אהבתם? תגיבו ״מתכון״ וישר אשלח לכם את המתכון 😍 אוהבים לימון בקינוחים? 🍋","כל מי שמבין עניין (on-screen text overlay, approx. 'if you know, you know')","Relatable statement","25.77","25.77","27743","1432","26.7%","73.3%","232","178","148","79","642","53.9%","46.1%","450","20","0.72","5.33","2.85","6.42","8.36","23.14","16.22","Food","Biscuit Cake series (episode 5 - lemon-mint biscuit cake)","Biscuit cake","Biscuit cake","Hands-only demo","Hands-only demo","Unclear","Unclear (hands only visible in inspected frame)","No","No (meir43214 only comments)","No","No","Comment 'מתכון' (recipe) to receive the recipe via DM","Organic","newly_inspected_for_latest40_task","Newly inspected for the latest-40 task. DATA CONFLICT: front-end action-bar comment count 213 vs Insights תגובות 178."
"33","DVtVucACPZf","https://www.instagram.com/rotem_adini/reel/DVtVucACPZf/","2026-03-10","2026-03-10","הדייט שלנו לכבוד האות ה' דייט המבורגרים 🍔 דייט ביתי מושלם שאפשר לעשות עכשיו בתקופת מלחמה 🫡 תשלחו לפרטנר שצריך לעשות איתכם דייט כזה 😍","דייט ה'המבורגרים של רותם&מאיר (title card overlay)","Series intro","38.77","38.77","76577","1899","5.5%","94.5%","1586","31","282","630","2543","12%","88%","2379","200","2.61","3.68","8.23","0.4","20.71","33.21","31.07","Couple","A-Z Dates series (letter ה / Hey - hamburger date)","A-Z date","A-Z date","Dialogue / scene","Dialogue / scene (both seated at a table eating)","Yes","Yes","Yes","Yes","Yes","Yes","Send to the partner you'd want to do this date with","Organic","newly_inspected_for_latest40_task","Newly inspected for the latest-40 task. DATA CONFLICT: front-end action-bar comment count 32 vs Insights תגובות 31."
"34","DVgMhwciCwr","https://www.instagram.com/rotem_adini/reel/DVgMhwciCwr/","2026-03-05","2026-03-05","טבלת שוקולד קרמל ובייגלה שיוצאת היסטרית!!! אהבתם? 😍 הגיבו ״מתכון״ והוא ישר יישלח אליכם ✨","לפני איזה שנתיים (on-screen text overlay, approx. 'about two years ago')","Curiosity","26.2","26.2","44975","1294","12.5%","87.5%","581","98","143","82","910","25.2%","74.8%","800","12","0.27","3.18","1.82","2.18","12.92","20.23","17.79","Food","N/A","Dessert","Dessert (chocolate-caramel-bagele bar)","Hands-only demo","Hands-only demo","Unclear","Unclear (hands only visible in inspected frame)","No","No","No","No","Comment 'מתכון' (recipe) to receive the recipe via DM","Organic","newly_inspected_for_latest40_task","Newly inspected for the latest-40 task. DATA CONFLICT: front-end action-bar comment count 103 vs Insights תגובות 98."
"35","DVY6pDrCBog","https://www.instagram.com/rotem_adini/reel/DVY6pDrCBog/","2026-03-02","2026-03-02","מתכון מושלם לערימת פנקייקים 🥞 מצרכים: 100 גרם קמח לבן, 5 גרם אבקת אפייה (חצי שקית), 20 גרם סוכר, קורט מלח, ביצה אחת לארג׳, 80 גרם יוגורט יווני, 40 גרם חלב, 15 גרם שמן, תמצית וניל או גרידת לימון או תפוז, 25 גרם שוקולד לבן קצוץ, 25 גרם שוקולד חלב קצוץ. [full method]. מומלץ להגיש עם גלידה ולבזוק מעל אבקת סוכר. בתאבוןןן 🥰","N/A (no on-screen hook text captured in inspected frame; recipe presented directly)","Other","22.69","22.69","20057","1161","28.2%","71.8%","107","24","94","40","270","67.1%","32.9%","211","5","0.25","4.69","1.99","1.2","5.33","13.46","10.52","Food","N/A","Dessert","Dessert (chocolate-chip pancake stack)","Talking to camera","Talking to camera / demo in kitchen","Yes","Yes","No","No (meir43214 only comments)","No","No","No CTA visible in extracted text","Organic","newly_inspected_for_latest40_task","Newly inspected for the latest-40 task. Front-end action-bar comment count (24) matches Insights תגובות (24), no conflict."
"36","DVQPqNZCIIe","https://www.instagram.com/rotem_adini/reel/DVQPqNZCIIe/","2026-02-27","2026-02-27","קבלו את הפרק הרביעי בסדרה שלי ״איך לשדרג עוגת ביסקוויטים״ והפעם- עוגת קראנץ׳ נוטלה ✨ [full ingredients + method: biscuit-milk sandwiches, whipped cream/sour cream/instant pudding layer, crunch topping of feuilletine + Nutella, chilled overnight]. מגישים למחרת ובתאבון 🩷","אם חייתם בכדור הארץ (on-screen text overlay, approx. 'if you've lived on planet Earth...')","Series intro / Relatable statement","23.85","23.85","314385","1436","9.2%","90.8%","1962","780","1931","1407","6118","20.2%","79.8%","5026","145","0.46","6.14","4.48","2.48","6.24","19.46","15.99","Food","Biscuit Cake series (episode 4 - Nutella crunch cake)","Biscuit cake","Biscuit cake","Hands-only demo","Hands-only demo","Unclear","Unclear (hands only visible in inspected frame)","No","No (meir43214 only comments)","No","No","Comment 'מתכון' (recipe) to receive the recipe via DM","Organic","newly_inspected_for_latest40_task","Newly inspected for the latest-40 task. Highest-reach reel in this batch (314,385 views). DATA CONFLICT: front-end action-bar comment count displayed as '1.1K' vs Insights תגובות=780. Note: this view count is coincidentally close to the ~314K figure mentioned in the prior baseline document's Section 7 ('Additional Reel datapoint'), but that baseline entry also cited ~595 follows and ~2,974 shares, neither of which matches this reel's Insights data (145 follows, 1,407 shares) — per task instructions, no assumption is made that this is the same Reel referenced in the baseline; recorded as an independent, freshly-observed data point only."
"37","DU3boeaCJ1N","https://www.instagram.com/rotem_adini/reel/DU3boeaCJ1N/","2026-02-17","2026-02-17","תמונת מסך חדשה ⛷️💘","N/A (no on-screen hook text; a co-authored lifestyle/selfie clip, not a recipe/tutorial format)","Other","7.83","7.83","18058","1161","16.9%","83.1%","164","26","14","14","219","44.5%","55.5%","188","0","0","0.78","0.78","1.44","9.08","12.13","10.41","Couple","N/A","Personal","Personal relationship moment (co-authored ski-trip selfie clip)","Selfie / dialogue","Selfie / dialogue","Yes","Yes","Yes","Yes","Yes","Yes","No CTA","Organic","newly_inspected_for_latest40_task","Newly inspected for the latest-40 task. This is the oldest of the current 40-newest-Reels set (published 2026-02-17). Co-authored post (jointly credited to meir43214 and rotem_adini). DATA CONFLICT: front-end action-bar comment count 29 vs Insights תגובות 26. Both profile_activity and follows recorded as 0 (unlike most other reels in this dataset where these two figures are equal and non-zero)."
"38","DUQoaesiFaL","https://www.instagram.com/rotem_adini/reel/DUQoaesiFaL/","2026-02-02","2026-02-02","האני באטר טוסט 🍯 לא להאמין איך קינוח בלי שוקולד יכול להיות כל כך טעים ומיוחד! רוצים את המתכון? ❤️ תרשמו לי ואשלח לכם 😍","האני באטר טוסט (on-screen text overlay)","Result-first","23.29","23.29","23634","1053","23.8%","76.2%","154","23","31","26","236","47.6%","52.4%","199","9","0.38","1.31","1.1","0.97","6.52","9.99","8.42","Food","N/A","Dessert","Dessert (honey-butter toast)","Talking to camera","Talking to camera","Yes","Yes","No","No","No","No","Comment/DM for the recipe ('תרשמו לי ואשלח לכם')","Organic","newly_inspected_for_latest40_task","Newly inspected for the latest-40 task (replacement for a dropped pinned reel). DATA CONFLICT: front-end action-bar comment count 24 vs Insights תגובות 23."
"39","DUBNvgoCK-A","https://www.instagram.com/rotem_adini/reel/DUBNvgoCK-A/","2026-01-27","2026-01-27","ממשיכים בסדרת הדייטים שלנו לפי הא״ב והפעם האות ד׳- דייט דגים 🐠 תרשמו לי אם אהבתם ואם יש לכם רעיון מה אנחנו מכינים לכם לאות ה 🥰👇🏻❤️ #דייט #זוגיות","ממשיכים לעשות (on-screen text overlay, 'continuing to make...')","Series intro","35.17","35.17","14240","1131","20.8%","79.2%","173","18","56","47","298","41.9%","58.1%","271","8","0.56","3.93","3.3","1.26","12.15","20.93","19.03","Couple","A-Z Dates series (letter ד / Dalet - fish date)","A-Z date","A-Z date","Montage","Montage (table setup, candles, food)","Unclear","Likely (established couple-date series premise; faces not directly visible in inspected frame)","Unclear","Likely (meir43214 comments on the post; same caveat as above)","Unclear","Likely (see above)","Follow/subscribe if you liked it; suggest an idea for the next letter (ה)","Organic","newly_inspected_for_latest40_task","Newly inspected for the latest-40 task (replacement for a dropped pinned reel). DATA CONFLICT: front-end action-bar comment count 19 vs Insights תגובות 18."
"40","DT2HFK7iDoC","https://www.instagram.com/rotem_adini/reel/DT2HFK7iDoC/","2026-01-23","2026-01-23","ברוכים הבאים לפרק השלישי בסדרה שלי ״איך לשדרג עוגת ביסקוויטים״ והפעם עוגת ביסקוויטים מוקה [full ingredients + method: coffee-milk-soaked biscuits, whipped cream/sugar/instant pudding/instant coffee cream, white chocolate-coffee ganache topping, chilled overnight]. ובתאבון 🤍","כל מכורי המוקה (on-screen text overlay, approx. 'all mocha addicts')","Series intro / Relatable statement","19.46","19.46","67861","1096","31.8%","68.2%","241","8","290","85","630","62.6%","37.4%","538","17","0.25","4.27","1.25","0.12","3.55","9.28","7.93","Food","Biscuit Cake series (episode 3 - mocha biscuit cake)","Biscuit cake","Biscuit cake","Hands-only demo","Hands-only demo","Unclear","Unclear (hands only visible in inspected frame)","No","No","No","No","No explicit CTA visible in extracted text (caption was noted as edited/'ערוך')","Organic","newly_inspected_for_latest40_task","Newly inspected for the latest-40 task (replacement for a dropped pinned reel; oldest reel in the final 40-reel dataset). DATA CONFLICT: front-end action-bar comment count 14 vs Insights תגובות 8 (larger-than-usual gap). Caption shown with an 'ערוך' (edited) label in the interface, meaning the caption may have been modified after original publish."
"41","DTx0sZCCEEn","https://www.instagram.com/rotem_adini/reel/DTx0sZCCEEn/","2026-01-21","2026-01-21","מתכון למגולגלות נוטלה וקורנפלקס הקורנפלקס מביא קראנציות לעוגייה וזה יוצא וואווו [full ingredients + method: cocoa shortbread dough, Nutella-cornflake filling, rolled, frozen, baked, cooled, dusted with powdered sugar]","את השילוב הזה (on-screen text overlay, approx. 'this combination')","Curiosity","22.07","22.07","148604","1000","17.1%","82.9%","604","9","591","349","1562","34.4%","65.6%","1309","24","0.16","3.98","2.35","0.06","4.06","10.51","8.81","Food","N/A (informal 'cornflake desserts' theme shared with reel DZeb5pNoXKH, per that row's notes)","Dessert","Dessert (Nutella-cornflake rolled cookies)","Hands-only demo","Hands-only demo","Unclear","Unclear (hands only visible in inspected frame)","No","No","No","No","No CTA visible in extracted text","Organic","newly_inspected_for_latest70_task","Newly inspected for the latest-70 task. DATA CONFLICT: front-end action-bar comment count 31 vs Insights תגובות 9 (large gap)."
"42","DTkEeLliJY4","https://www.instagram.com/rotem_adini/reel/DTkEeLliJY4/","2026-01-16","2026-01-16","ברוכים הבאים לפרק השני בסדרה שלי איך לשדרג עוגת ביסקוויטים ✨ והפעם- עוגת ביסקוויטים קרמבו [full ingredients + method: krembo meringue layered with biscuits and vanilla-pudding cream, dark/milk chocolate ganache topping]. ובתאבון ❤️✨","שהייתי מכינה (on-screen text overlay, 'that I would make')","Series intro","22.83","22.83","145050","979","16.6%","83.4%","697","31","528","243","1510","30.1%","69.9%","1318","39","0.27","3.64","1.68","0.21","4.81","10.41","9.09","Food","Biscuit Cake series (episode 2 - Krembo biscuit cake)","Biscuit cake","Biscuit cake","Talking to camera","Talking to camera, holding the finished cake","Yes","Yes (face clearly visible)","No","No","No","No","No explicit CTA visible in extracted text","Organic","newly_inspected_for_latest70_task","Newly inspected for the latest-70 task. Seasonal-product tie-in (Krembo, a winter-only Israeli snack) referenced directly in a viewer comment. DATA CONFLICT: front-end action-bar comment count 53 vs Insights תגובות 31."
"43","DTfpa0OiANO","https://www.instagram.com/rotem_adini/reel/DTfpa0OiANO/","2026-01-14","2026-01-14","ברצינות מישהו אי פעם סירב לכם כשהצעתם לו חתיכת בראוניז??? לא שמעתי על דבר כזה…. אז בכל מקרה קבלו מתכון לבראוניז אמסטרדם שהוא נדיר!!! [full ingredients + method: dark chocolate-butter brownie batter with a white chocolate bar center]","עד היום (on-screen text overlay, 'to this day')","Question","20.65","20.65","171766","1102","9.6%","90.4%","1439","24","1584","740","3806","19.5%","80.5%","3269","61","0.36","9.22","4.31","0.14","8.38","22.16","19.03","Food","N/A","Dessert","Dessert (Amsterdam brownies with white chocolate center)","Hands-only demo","Hands-only demo","Unclear","Unclear (hands only visible in inspected frame)","No","No (meir43214 only comments)","No","No","No explicit CTA visible in extracted text","Organic","newly_inspected_for_latest70_task","Newly inspected for the latest-70 task. DATA CONFLICT: front-end action-bar comment count 35 vs Insights תגובות 24."
"44","DTakHHtCDbV","https://www.instagram.com/rotem_adini/reel/DTakHHtCDbV/","2026-01-12","2026-01-12","ללא ספק זה הפיקניק הכי מושקע שעשינו עד היום ממשיכים בסדרת הדייטים שלנו לפי הא״ב והפעם החלק השני לדייט גבינות שלנו 🧀❤️ מסקרן מי יצליח לגלות מה נעשה לדייט באות ד 🫣","הפיקניק הכי מושקע (on-screen text overlay, 'the most elaborate picnic')","Series intro","33.2","33.2","15784","728","23.7%","76.3%","196","18","51","54","323","42.3%","57.7%","288","11","0.7","3.23","3.42","1.14","12.42","20.46","18.25","Couple","A-Z Dates series (letter ג / Gimel, part 2 - cheese picnic date)","A-Z date","A-Z date","Dialogue / scene","Dialogue / scene (both seated on a picnic blanket)","Yes","Yes","Yes","Yes","Yes","Yes","No explicit CTA (teases the upcoming letter ד date)","Organic","newly_inspected_for_latest70_task","Newly inspected for the latest-70 task. This is the second part of a two-part letter Gimel (ג) date within the A-Z Dates series. DATA CONFLICT: front-end action-bar comment count 19 vs Insights תגובות 18."
"45","DTSHHILiKlP","https://www.instagram.com/rotem_adini/reel/DTSHHILiKlP/","2026-01-09","2026-01-09","ברוכים הבאים לסדרת המתכונים החדשה שלי- איך לשדרג עוגת ביסקוויטים ✨ ולכבוד חלק 1 הכנתי עוגת ביסקוויטים פיסטוק💚 [full ingredients + method: pistachio-cream biscuit cake, white chocolate-pistachio ganache with heart decoration]. למחרת חותכים מגישים ובתאבון ❤️❤️❤","N/A (opening frame was a static thumbnail with a play-button overlay; no on-screen text captured before video playback)","Series intro","","N/A (video element's .duration property returned null at the time of inspection; not estimated)","76405","958","19.4%","80.6%","339","14","367","115","843","42.6%","57.4%","700","25","0.33","4.8","1.51","0.18","4.44","11.03","9.16","Food","Biscuit Cake series (episode 1 - pistachio biscuit cake; this is the series-launch reel, per the caption's 'welcome to my new recipe series' framing)","Biscuit cake","Biscuit cake","Static / overhead shot","Overhead/top-down shot of the finished cake","No","No (top-down food shot; no person visible in inspected frame)","No","No (meir43214 only comments, expressing excitement for the new series)","No","No","No explicit CTA visible in extracted text","Organic","newly_inspected_for_latest70_task","Newly inspected for the latest-70 task. This is the launch/first episode of the 'Biscuit Cake' series, whose episodes 2-14 were already present in the reused/newer portions of this dataset. DATA CONFLICT: front-end action-bar comment count 15 vs Insights תגובות 14."
"46","DTLLYa_CGIK","https://www.instagram.com/rotem_adini/reel/DTLLYa_CGIK/","2026-01-06","2026-01-06","אין יותר מושלם ומנחם מאשר לסיים את היום עם קערת פסטה מפנקתתת אז הכנתי לכם כאן מתכון לפסטה בטטה נדירה 🍠 [full ingredients + method: sweet potato, onion, garlic, cream, parmesan pasta sauce]. ובתאבון 🩷🩷","N/A (no on-screen hook text captured; overhead shot of the finished dish)","Other","16.03","16.03","22346","900","25.2%","74.8%","151","10","136","35","335","54.6%","45.4%","285","7","0.31","6.09","1.57","0.45","6.76","14.99","12.75","Food","N/A","Savory","Savory (sweet potato pasta)","Static / overhead shot","Overhead/top-down shot of the finished dish","No","No (top-down food shot; no person visible in inspected frame)","No","No (meir43214 only comments)","No","No","No explicit CTA visible in extracted text","Organic","newly_inspected_for_latest70_task","Newly inspected for the latest-70 task. Front-end action-bar comment count (10) matches Insights תגובות (10), no conflict."
"47","DSz-McCCPTE","https://www.instagram.com/rotem_adini/reel/DSz-McCCPTE/","2025-12-28","2025-12-28","ממשיכים עם סדרת הדייטים לפי הא״ב שלנו 🤍 והפעם האות ג'-דייט גבינות 🧀 רעיון קליל לדייט זוגי 🥰 החלק השני (ומה שעשינו עם הגבינות) יחכה בסרטון הבא","רוצים לראות (on-screen text overlay, 'want to see')","Series intro","30.2","30.2","18379","1008","24.2%","75.8%","158","22","32","30","246","45.1%","54.9%","207","9","0.49","1.74","1.63","1.2","8.6","13.38","11.26","Couple","A-Z Dates series (letter ג / Gimel, part 1 - cheese date)","A-Z date","A-Z date","Talking to camera","Talking to camera / dialogue","Yes","Yes","Yes","Yes","Yes","Yes","Teases part 2 ('the next video')","Organic","newly_inspected_for_latest70_task","Newly inspected for the latest-70 task. This is part 1 of the letter Gimel (ג) date (part 2 is reel DTakHHtCDbV, reel_index 44 in this dataset). Two viewer comments speculated that the letter ב (Bet) had been skipped in the A-Z Dates series ('לא עשיתם את האות ב׳' / 'you didn't do the letter B'); this was later resolved during this same collection session -- reel DSAYG6ciEEF (reel_index 52 in this dataset, published 2025-12-08, beer pong date) is the letter ב episode, so no gap actually exists in the sequence. DATA CONFLICT: front-end action-bar comment count 25 vs Insights תגובות 22."
"48","DSklcOgCHXu","https://www.instagram.com/rotem_adini/reel/DSklcOgCHXu/","2025-12-22","2025-12-22","בורקס גבינה ענקי למה להכין מלא בורקסים קטנים כשאפשר להכין אחד ענקי? 😍 [full ingredients + method: puff pastry, cottage cheese, bulgarian cheese, mozzarella filling]. בתאבון 🥰","N/A (no on-screen hook text; recipe presented directly)","Question","17.77","17.77","33005","869","24.8%","75.2%","177","13","64","34","292","51%","49%","257","1","0.03","1.94","1.03","0.39","5.36","8.85","7.79","Food","N/A","Savory","Savory (giant cheese burekas)","Talking to camera","Talking to camera","Yes","Yes","No","No (meir43214 only comments)","No","No","No explicit CTA visible in extracted text","Organic","newly_inspected_for_latest70_task","Newly inspected for the latest-70 task. DATA CONFLICT: front-end action-bar comment count 17 vs Insights תגובות 13."
"49","DScc__5CIIp","https://www.instagram.com/rotem_adini/reel/DScc__5CIIp/","2025-12-19","2025-12-19","דייט לוחות חזון לכבוד 2026 🍾✨ תייגו מישהו שחייב לעשות איתכם דייט כזה 🥰👇🏻","דייט לוחות חזון 2026 (on-screen text overlay, 'vision-board date 2026')","Series intro (New Year themed, not a numbered series)","18.47","18.47","19848","943","19.8%","80.2%","155","14","43","119","333","35.4%","64.6%","275","3","0.15","2.17","6","0.71","7.81","16.78","13.86","Couple","N/A (New Year-themed date idea, not part of a numbered series)","Couple game","Couple game / date idea (2026 vision board)","Selfie / dialogue","Selfie / dialogue","Yes","Yes","Yes","Yes","Yes","Yes","Tag someone who should do this date with you","Organic","newly_inspected_for_latest70_task","Newly inspected for the latest-70 task. DATA CONFLICT: front-end action-bar comment count 15 vs Insights תגובות 14."
"50","DSXpZrKiPj_","https://www.instagram.com/rotem_adini/reel/DSXpZrKiPj_/","2025-12-17","2025-12-17","שילבתי את שני הדברים שאני הכי אוהבת בעולם עוגת ביסקוויטים ושוקולד ויצא לי טבלת שוקולד עוגת ביסקוויטים מטורפת!! 😍 [full ingredients + method: white chocolate bar shell, whipped cream-pudding filling, coffee-milk-soaked biscuits]. בתאבון 😍❤️❤️❤️","שאני מכורה לשוקולד (on-screen text overlay, 'that I'm addicted to chocolate')","Relatable statement","14.23","14.23","260753","876","6.7%","93.3%","1669","50","624","683","3043","16.3%","83.7%","2612","61","0.23","2.39","2.62","0.19","6.4","11.67","10.02","Food","N/A (thematically related to the 'Biscuit Cake' series -- combines biscuit-cake technique with a chocolate-bar shell format -- but not captioned as a numbered episode of it)","Dessert","Dessert (chocolate-bar biscuit cake)","Talking to camera","Talking to camera","Yes","Yes","No","No (meir43214 only comments)","No","No","No explicit CTA visible in extracted text","Organic","newly_inspected_for_latest70_task","Newly inspected for the latest-70 task. High-reach reel (260,753 views), second-highest in this batch of 30. DATA CONFLICT: front-end action-bar comment count 71 vs Insights תגובות 50."
"51","DSKQ3G5iM-7","https://www.instagram.com/rotem_adini/reel/DSKQ3G5iM-7/","2025-12-12","2025-12-12","עוגת תפוזים מושלמת לחורף🍊☃️ [full ingredients + method: whole-orange winter cake, whipped egg whites, orange juice and zest]","הגיעה עונת התפוזים (on-screen text overlay, 'orange season has arrived')","Result-first","18.43","18.43","200358","858","13.4%","86.6%","558","13","526","246","1348","26.9%","73.1%","1191","38","0.19","2.63","1.23","0.06","2.79","6.73","5.94","Food","N/A","Dessert","Dessert (whole-orange winter cake)","Hands-only demo","Hands-only demo","Unclear","Unclear (hands only visible in inspected frame)","No","No (meir43214 only comments)","No","No","No explicit CTA visible in extracted text","Organic","newly_inspected_for_latest70_task","Newly inspected for the latest-70 task. High-reach reel (200,358 views). DATA CONFLICT: front-end action-bar comment count 37 vs Insights תגובות 13 (large gap)."
"52","DSAYG6ciEEF","https://www.instagram.com/rotem_adini/reel/DSAYG6ciEEF/","2025-12-08","2025-12-08","בואו איתנו לעשות את כל הדייטים לפי הא״ב והפעם האות ב׳ - בירה פונג 🏓🍻 איך הדייט עובד? מארגנים נשנושים שאוהבים 🍿 מסדרים כוסות 🍺 מוזגים בירה 🍻 מכינים שאלות ❓ ומתחילים לשחק ✌🏻 תייגו מישהו שאתם חייבים להתחרות נגדו בבירה פונג 👇🏻 #זוגיות #דייטים #משחקים","בירה פונג (title card overlay, 'beer pong')","Series intro","49.4","49.4","11826","990","28.4%","71.6%","175","35","67","85","364","40.9%","59.1%","300","8","0.68","5.67","7.19","2.96","14.8","30.78","25.37","Couple","A-Z Dates series (letter ב / Bet - beer pong date)","Couple game","Couple game","Montage","Montage (pouring beer, table setup)","Unclear","Unclear (this specific frame shows only beer/cups; caption confirms couple-date premise)","Unclear","Unclear (see above; meir43214 comments on the post)","Unclear","Unclear (see above)","Tag someone you'd compete against in beer pong","Organic","newly_inspected_for_latest70_task","Newly inspected for the latest-70 task. This is the letter ב (Bet) episode of the A-Z Dates series. Note: this resolves the uncertainty flagged in this dataset's letter ג (Gimel) row (reel_index 47, DSz-McCCPTE), where viewer comments suggested the letter ב had been skipped -- this reel shows it was not skipped, only chronologically earlier / less prominently discovered. Front-end action-bar comment count (35) matches Insights תגובות (35), no conflict."
"53","DRxD7mhiMIb","https://www.instagram.com/rotem_adini/reel/DRxD7mhiMIb/","2025-12-02","2025-12-02","מתלבטת עוד איך לקרוא למתכון הזה 🤔 עוגיית שוקולד צ'יפס ענקית? פאי שוקולד צ'יפס? עוגת שוקולד צ'יפס? תרשמו לי איך הייתם קוראים למתכון הזה 👇🏻 בכל מקרה עד שאחליט איך לקרוא לזה הנה המתכון לדבר המושלם הזה😍 [full ingredients + method: giant chocolate chip cookie cake with a frozen Nutella disk baked into the center]","N/A (no on-screen text overlay; talking to camera while holding the finished bake)","Question","19.9","19.9","141814","795","9.7%","90.3%","1208","13","782","585","2612","15.8%","84.2%","2264","32","0.23","5.51","4.13","0.09","8.52","18.42","15.96","Food","N/A","Dessert","Dessert (giant Nutella-stuffed chocolate chip cookie cake)","Talking to camera","Talking to camera","Yes","Yes","No","No (meir43214 only comments)","No","No","Comment how you'd name this recipe","Organic","newly_inspected_for_latest70_task","Newly inspected for the latest-70 task. DATA CONFLICT: front-end action-bar comment count 18 vs Insights תגובות 13."
"54","DRmDs-viLUZ","https://www.instagram.com/rotem_adini/reel/DRmDs-viLUZ/","2025-11-28","2025-11-28","קבלו את סדרת הדייטים החדשה שלנו- עושים את כל הדייטים לפי הא״ב 👩‍❤️‍👨 והפעם האות א׳ אוכל איטלקי 🍕🍷 תייגו מישהו שחייב לקחת אותכם לדייט כזה 👇🏻😍","דייט באות א' (title card overlay, 'date starting with the letter Aleph')","Series intro","28.4","28.4","32408","2256","28.8%","71.2%","334","28","151","205","727","38.6%","61.4%","576","41","1.27","4.66","6.33","0.86","10.31","22.43","17.77","Couple","A-Z Dates series (letter א / Aleph - this is the series-launch reel; Italian food date)","A-Z date","A-Z date","Selfie / dialogue","Selfie / dialogue","Yes","Yes","Yes","Yes","Yes","Yes","Tag someone who should take you on a date like this","Organic","newly_inspected_for_latest70_task","Newly inspected for the latest-70 task. This is the launch/first episode (letter א / Aleph) of the 'A-Z Dates' series, per the caption's 'here's our new dating series' framing. DATA CONFLICT: front-end action-bar comment count 38 vs Insights תגובות 28."
"55","DQ4Vn0hiDE2","https://www.instagram.com/rotem_adini/reel/DQ4Vn0hiDE2/","2025-11-10","2025-11-10","עוגת שמרים דאבל שוקולד פרווה 😍 שכבת ממרח קקאו & שכבת נוטלה plant-based [full ingredients + method: dairy-free chocolate babka-style yeast cake, cocoa filling and plant-based Nutella]. וזהו בתאבון תספרו לי איך יצא ❤️❤️ בשיתוף ממומן נוטלה @nutella.israel","N/A (no on-screen text overlay; top-down shot of the finished cake)","Result-first","23.33","23.33","34666","469","28.8%","71.2%","182","29","167","76","460","57.8%","42.2%","343","8","0.23","4.82","2.19","0.84","5.25","13.27","9.89","Collaboration","N/A","Other","Other (paid partnership recipe; dairy-free double chocolate yeast babka)","Static / overhead shot","Overhead/top-down shot of the finished cake","No","No (top-down food shot; no person visible in inspected frame)","No","No (meir43214 only comments)","No","No","'Tell me how it turned out'","Collaboration / Sponsored (explicit 'בשיתוף ממומן' / paid-partnership tag with @nutella.israel)","newly_inspected_for_latest70_task","Newly inspected for the latest-70 task. Full Insights access available (own-account sponsored post, same pattern as the other Collaboration reels already in this dataset). DATA CONFLICT: front-end action-bar comment count 36 vs Insights תגובות 29."
"56","DNSkW7sI6U-","https://www.instagram.com/rotem_adini/reel/DNSkW7sI6U-/","2025-08-20","2025-08-20","עוגת ביסקוויטים הכי קלאסית שיש והכי וטעימה שיש!!!!!! הכי טעים בעוגת ביסקוויטים זה שבין השכבות יש מלא מלא קרםםםםם!!! ולמעלה גנאש עם מלא שוקולד זה שילוב נדיר 😍 [full ingredients + method: classic biscuit cake with instant-pudding cream and dark/milk chocolate ganache]. ולמחרת נאכל ובתאבון ❤️❤️❤️","לא משנה (on-screen text overlay, approx. 'no matter what')","Relatable statement","14.17","14.17","196424","507","24.4%","75.6%","114","4","159","45","326","44.2%","55.8%","279","7","0.04","0.81","0.23","0.02","0.58","1.66","1.42","Food","N/A (a classic/standalone biscuit cake reel published 2025-08-20, well before the numbered 'Biscuit Cake' series launched on 2026-01-09 -- not counted as a series episode)","Biscuit cake","Biscuit cake","Hands-only demo","Hands-only demo","Unclear","Unclear (hands only visible in inspected frame)","No","No (meir43214 only comments)","No","No","No explicit CTA visible in extracted text","Organic","newly_inspected_for_latest70_task","Newly inspected for the latest-70 task. High-reach reel (196,424 views) despite low engagement counts otherwise. DATA CONFLICT: front-end action-bar comment count 38 vs Insights תגובות 4 (very large gap, the largest observed in this dataset)."
"57","DNFUYldoSju","https://www.instagram.com/rotem_adini/reel/DNFUYldoSju/","2025-08-08","2025-08-08","עוגת קרמבו שוקולד לבן על בסיס ביסקוויטים העוגה הכי טעימה שיש – עם שילוב מושלם של מרקמים וטעמים! 😍 [full ingredients + method: white chocolate krembo cake with a biscuit-white chocolate base, mascarpone cream, white chocolate ganache]. בתאבון מחכה לשמוע איך יצא 🩷🩷","N/A (no on-screen text overlay captured in inspected frame; a static product/plating shot)","Other","17.14","17.14","167222","588","15.4%","84.6%","573","27","930","436","1986","26.6%","73.4%","1617","66","0.39","5.56","2.61","0.16","3.43","11.88","9.67","Food","N/A (a standalone Krembo-themed biscuit-base cake, not part of the numbered 'Biscuit Cake' series which launched later)","Biscuit cake","Biscuit cake","Static / overhead shot","Static plating/product shot","No","No (product shot; no person visible in inspected frame)","No","No (meir43214 only comments)","No","No","'Waiting to hear how it turned out'","Organic","newly_inspected_for_latest70_task","Newly inspected for the latest-70 task. High-reach reel (167,222 views). DATA CONFLICT: front-end action-bar comment count 53 vs Insights תגובות 27."
"58","DMhT5oVolnJ","https://www.instagram.com/rotem_adini/reel/DMhT5oVolnJ/","2025-07-25","2025-07-25","בורקס אסאדו מושלם לערב שבת! עם טחינה ירוקה מעל זה בכלל יוצא מושלם… [full ingredients + method: slow-braised asado beef bureka with homemade green tahini sauce]. בתאבון מחכה לשמוע איך יצא 🩷🩷","N/A (no on-screen text overlay captured in inspected frame; a static plating shot)","Result-first","13.73","13.73","61993","337","45.5%","54.5%","117","5","118","43","287","65.2%","34.8%","250","3","0.05","1.9","0.69","0.08","1.89","4.63","4.03","Food","N/A","Savory","Savory (slow-braised asado beef bureka with green tahini)","Static / overhead shot","Static plating shot","No","No (product shot; no person visible in inspected frame)","No","No (meir43214 only comments)","No","No","'Waiting to hear how it turned out'","Organic","newly_inspected_for_latest70_task","Newly inspected for the latest-70 task. DATA CONFLICT: front-end action-bar comment count 9 vs Insights תגובות 5."
"59","DMPQ_qXo--a","https://www.instagram.com/rotem_adini/reel/DMPQ_qXo--a/","2025-07-18","2025-07-18","עוגת ביסקוויטים סניקרס! שילבתי בין שני דברים שאני כל כך אוהבת ופשוט יצא מושלם 😍 [full ingredients + method: cocoa biscuit base, peanut butter cream layer, milk chocolate cream layer, peanut caramel topping]. בתאבון 🩷🩷","N/A (no on-screen text overlay captured in inspected frame; a static plating shot)","Result-first","17.47","17.47","105789","286","31.1%","68.9%","484","8","528","222","1244","43.9%","56.1%","1010","27","0.26","4.99","2.1","0.08","4.58","11.76","9.55","Food","N/A (a standalone Snickers-themed biscuit cake, predates the numbered 'Biscuit Cake' series)","Biscuit cake","Biscuit cake","Static / overhead shot","Static plating shot","No","No (product shot; no person visible in inspected frame)","No","No (meir43214 only comments)","No","No","No explicit CTA visible in extracted text","Organic","newly_inspected_for_latest70_task","Newly inspected for the latest-70 task. DATA CONFLICT: front-end action-bar comment count 20 vs Insights תגובות 8."
"60","DL9XTDsoHo1","https://www.instagram.com/rotem_adini/reel/DL9XTDsoHo1/","2025-07-11","2025-07-11","גלידוניות בסגנון קראנץ' החדש 😍 אני עפתי על השילוב של השקדי מרק עם השוקולד חלב ברמות תרשמו לי אם גם אהבתם 👇🏻❤️ [full ingredients + method: bagele crumb base, mascarpone-condensed milk ice cream filling, milk chocolate-almond crunch coating]. וזהו מוכן בתאבון 🩷🩷🩷","N/A (no on-screen text overlay captured in inspected frame; hands holding the finished bars)","Result-first","15.67","15.67","61832","256","45.9%","54.1%","223","7","241","78","554","61%","39%","465","6","0.1","3.9","1.26","0.11","3.61","8.96","7.52","Food","N/A","Dessert","Dessert (frozen ice cream crunch bars)","Hands-only demo","Hands-only demo","Unclear","Unclear (hands only visible in inspected frame)","No","No (meir43214 only comments)","No","No","'Comment if you also liked this'","Organic","newly_inspected_for_latest70_task","Newly inspected for the latest-70 task. DATA CONFLICT: front-end action-bar comment count 8 vs Insights תגובות 7."
"61","DLrS-JIokcW","https://www.instagram.com/rotem_adini/reel/DLrS-JIokcW/","2025-07-04","2025-07-04","רולדת כדורי שוקולד בלונדי עוגה מושלמת לסופ״ש 😍 [full ingredients + method: blondie chocolate ball dough rolled into a roulade with vanilla pudding cream and blonde chocolate ganache]. ובתאבון 🩷🩷","N/A (no on-screen text overlay captured in inspected frame; a static plating shot)","Result-first","20.4","20.4","256455","308","11%","89%","1781","45","2667","1588","6087","12.1%","87.9%","4902","274","1.07","10.4","6.19","0.18","6.94","23.74","19.11","Food","N/A","Dessert","Dessert (blondie chocolate ball roulade cake)","Static / overhead shot","Static plating shot","No","No (product shot; no person visible in inspected frame)","No","No (meir43214 only comments)","No","No","No explicit CTA visible in extracted text","Organic","newly_inspected_for_latest70_task","Newly inspected for the latest-70 task. One of the highest-performing reels in this dataset: 256,455 views and 274 follows attributed (the highest follows count observed among the newly-inspected reels in this batch). DATA CONFLICT: front-end action-bar comment count 66 vs Insights תגובות 45."
"62","DLSaOlgI_Xx","https://www.instagram.com/rotem_adini/reel/DLSaOlgI_Xx/","2025-06-24","2025-06-24","מוקפץ עוף ואטריות אודון עם ירקות שיוצא פשוט מושלם 🩷 [full ingredients + method: stir-fried chicken and udon noodles with vegetables in a soy-teriyaki sauce]. בתאבון 🩷","איך אני אוהבת מוקפץ (on-screen text overlay, 'how I like my stir-fry')","Relatable statement","15.67","15.67","128658","280","44.4%","55.6%","145","7","189","56","399","64.9%","35.1%","331","6","0.05","1.47","0.44","0.05","1.13","3.1","2.57","Food","N/A","Savory","Savory (chicken udon stir-fry)","Static / overhead shot","Overhead/top-down shot of the finished dish","No","No (top-down food shot; no person visible in inspected frame)","No","No (meir43214 only comments)","No","No","No explicit CTA visible in extracted text","Organic","newly_inspected_for_latest70_task","Newly inspected for the latest-70 task. DATA CONFLICT: front-end action-bar comment count 13 vs Insights תגובות 7."
"63","DLHPk-noggE","https://www.instagram.com/rotem_adini/reel/DLHPk-noggE/","2025-06-20","2025-06-20","עוגת גבינה טריקולד מנומרת 🐆💛 [full ingredients + method: no-bake tricolor cheesecake with dark/milk/white chocolate ganache marbled into a leopard-print pattern, dark-milk chocolate glaze topping]. ובתאבון 🩷","אני חושבת שזאת העוגה (on-screen text overlay, 'I think this is the cake')","Relatable statement","20.3","20.3","318326","296","17.8%","82.2%","1386","41","1452","645","3528","25.7%","74.3%","3058","134","0.42","4.56","2.03","0.13","4.35","11.08","9.61","Food","N/A","Dessert","Dessert (leopard-print tricolor cheesecake)","Hands-only demo","Hands-only demo (holding the plated slice)","Unclear","Unclear (hands only visible in inspected frame)","No","No","No","No","No explicit CTA visible in extracted text","Organic","newly_inspected_for_latest70_task","Newly inspected for the latest-70 task. Highest-reach reel in this entire 30-reel batch (318,326 views). Note: this view count is coincidentally close to the ~314K figure cited in the prior baseline document's Section 7 ('Additional Reel datapoint'), but that baseline entry also cited ~595 follows and ~2,974 shares, neither of which matches this reel (134 follows, 645 shares) -- per task instructions, no assumption is made that this is the same Reel referenced in the baseline; recorded as an independent, freshly-observed data point only (same caveat previously applied to reel DVQPqNZCIIe in this dataset). DATA CONFLICT: front-end action-bar comment count 94 vs Insights תגובות 41 (large gap)."
"64","DLARXZ4o1V6","https://www.instagram.com/rotem_adini/reel/DLARXZ4o1V6/","2025-06-17","2025-06-17","השמועה אומרת שבזמן שיש מתקפה מאיראן הקלוריות לא נספרות כי חייב להתנחם במשהו מתוק… 😝🍫 הכנתי כאן סופלה שוקולד במילוי מטבע שוקולד בלונדי ומעל הכל כמובן כדור גלידה [full ingredients + method: dark chocolate souffle with a frozen blonde chocolate disk center, served with ice cream]. אני הכנתי בתבנית קטנה עגולה קוטר 16","מה איתכם (on-screen text overlay, 'what about you')","Question","17.63","17.63","125224","206","20.9%","79.1%","808","16","702","450","1976","25.6%","74.4%","1612","31","0.25","5.61","3.59","0.13","6.45","15.78","12.87","Food","N/A","Dessert","Dessert (chocolate souffle with blonde chocolate center)","Static / overhead shot","Static plating shot","No","No (product shot; no person visible in inspected frame)","No","No (meir43214 only comments)","No","No","No explicit CTA visible in extracted text","Organic","newly_inspected_for_latest70_task","Newly inspected for the latest-70 task. Caption references a real-world security event (an attack from Iran) as context for the recipe's framing; transcribed as posted, no further interpretation performed. Only two numbers were visible in the front-end action bar for this reel (808 and 29) rather than the usual three, so no directly comparable front-end comment count could be identified; the recorded comments value (16) is taken from Insights only."
"65","DKKOQ1gIW5L","https://www.instagram.com/rotem_adini/reel/DKKOQ1gIW5L/","2025-05-27","2025-05-27","סלמון עם ניוקי ועגבניות שרי ברוטב ירוק של עשבי תיבול וכל זה בתבנית אחת – הכי חגיגי לשבועות! 🤍 [full ingredients + method: one-pan salmon and gnocchi with cherry tomatoes in a green herb-cashew sauce]. ובתאבון 🩷🩷 פרסום במימון ובשיתוף @finish.israel","N/A (no on-screen text overlay captured in inspected frame)","Other","31.8","31.8","16824","240","56%","44%","120","26","127","56","331","76.5%","23.5%","253","2","0.12","7.55","3.33","1.55","7.13","19.67","15.04","Collaboration","N/A","Other","Other (paid partnership one-pan salmon recipe, tied to easy-cleanup theme for a dishwasher-detergent brand)","Static / overhead shot","Overhead/top-down shot; fork lifting a bite","No","No (top-down food shot; no person visible in inspected frame)","No","No (meir43214 only comments)","No","No","No explicit CTA visible in extracted text","Collaboration / Sponsored (explicit 'פרסום במימון ובשיתוף' / paid-partnership tag with @finish.israel)","newly_inspected_for_latest70_task","Newly inspected for the latest-70 task. Full Insights access available (own-account sponsored post). Recipe was timed for the Shavuot holiday. DATA CONFLICT: front-end action-bar comment count 30 vs Insights תגובות 26."
"66","DIGJkDJIrhD","https://www.instagram.com/rotem_adini/reel/DIGJkDJIrhD/","2025-05-26","2025-05-26","בורקס דפי אורז קריספיייייי כשהטרנד דפי האורז יצא לפני כמה שנים ניסיתי מלא פעמים להכין את הבורקס הזה וכל פעם היה יוצא לי מרקם כזה של גומי עד שהתייאשתי לפני כמה זמן החלטתי להביא לזה עוד ניסיון ועליתי על 2 טריקים שמשאירים את הדף אורז קריספי [full ingredients + method: rice paper bureka with cottage/bulgarian/yellow cheese filling, two crispness tricks]. ערכים לבורקס מתוך 10: 85 קלוריות, 6.4 חלבון, 10.2 פחמימה, 2.3 שומן","בורקס דפי אורז שיוצא פשוט קריספי! (on-screen text overlay)","Problem","22.17","22.17","213509","241","2.4%","97.6%","2553","9","3016","2040","7618","5.1%","94.9%","6548","221","1.04","14.13","9.55","0.04","11.96","35.68","30.67","Food","N/A","Savory","Savory (crispy rice-paper bureka)","Hands-only demo","Hands-only demo","Unclear","Unclear (hands only visible in inspected frame)","No","No","No","No","'Waiting to hear how it turned out'","Organic","newly_inspected_for_latest70_task","Newly inspected for the latest-70 task. High-reach, high-discovery reel (97.6% non-follower views, 221 follows attributed -- among the highest follow counts in this dataset). Front-end action-bar comment count (9) matches Insights תגובות (9), no conflict."
"67","DG-9dGwosJq","https://www.instagram.com/rotem_adini/reel/DG-9dGwosJq/","2025-03-09","2025-03-09","אוזני המן מבצק עוגיות שלא דורשות אפייה 🩷 [full ingredients + method: no-bake edible cookie-dough Hamantaschen with pasteurized flour, white chocolate crumb, Nutella filling]. המתכון לבצק מבוסס על המתכון המקורי של Ben & Jerry's","הכי טוב שעשיתי לאחרונה (on-screen text overlay, 'the best thing I've made recently')","Result-first","19.57","19.57","16405","157","44.4%","55.6%","121","3","92","30","246","62.3%","37.7%","215","8","0.49","5.61","1.83","0.18","7.38","15","13.11","Food","N/A","Dessert","Dessert (no-bake edible-cookie-dough Hamantaschen, Purim-themed)","Hands-only demo","Hands-only demo","Unclear","Unclear (hands only visible in inspected frame)","No","No (meir43214 only comments)","No","No","No explicit CTA visible in extracted text","Organic","newly_inspected_for_latest70_task","Newly inspected for the latest-70 task. Holiday-themed (Purim). Caption credits the base cookie-dough recipe to Ben & Jerry's. Front-end action-bar comment count (3) matches Insights תגובות (3), no conflict."
"68","DGBD2g1IOrV","https://www.instagram.com/rotem_adini/reel/DGBD2g1IOrV/","2025-02-13","2025-02-13","הארוחה המושלמת לוולנטיין 👩🏾‍❤️‍💋‍👨🏼🩷 תייגו את הפרטנר שחייב להכין איתכם ארוחה כזאת 👇🏻❤️","שהכי מתאימה לוולנטיין (on-screen text overlay, 'that suits Valentine's best')","Result-first","30.23","30.23","18140","315","44%","56%","218","8","47","26","299","57.5%","42.5%","287","7","0.39","2.59","1.43","0.44","12.02","16.48","15.82","Couple","N/A (Valentine's Day themed, not part of a numbered series)","Personal","Personal relationship moment (Valentine's Day meal)","Montage","Montage (hands, food, drinks)","Unclear","Unclear (only hands/food visible in inspected frame)","Yes","Yes (hands visible garnishing a strawberry cocktail; also referenced by name in a viewer comment)","Unclear","Unclear (Meir's hands confirmed; Rotem not confirmed in the inspected frame)","Tag the partner who should make a meal like this with you","Organic","newly_inspected_for_latest70_task","Newly inspected for the latest-70 task. Front-end action-bar comment count (8) matches Insights תגובות (8), no conflict."
"69","DFe_HOkoxXR","https://www.instagram.com/rotem_adini/reel/DFe_HOkoxXR/","2025-01-31","2025-01-31","קינוחי כוסות אלפחורס שיוצאים וואו! 😍 [full ingredients + method: alfajor cookie squares layered in cups with vanilla-dulce de leche cream, ground coconut]. הקינוח הכי טעים לאחר כמה שעות של התייצבות במקרר בתיאבון ❤️ תייגו אותי אם הכנתם! *אם מכינים מהמתכון רק עוגיות אז יוצאות 70 עוגיות שזה 35 עוגיות אלפחורס","תקשיבו הכנתי כאן קינוח (on-screen text overlay, 'listen, I made a dessert here')","Result-first","17.77","17.77","24282","190","35.3%","64.7%","350","17","377","156","901","47.2%","52.8%","723","13","0.54","15.53","6.42","0.7","14.41","37.11","29.78","Food","N/A","Dessert","Dessert (alfajor cup dessert with dulce de leche)","Static / overhead shot","Static plating shot (pouring dulce de leche)","No","No (product shot; no person visible in inspected frame)","No","No (meir43214 only comments)","No","No","'Tag me if you make it'","Organic","newly_inspected_for_latest70_task","Newly inspected for the latest-70 task. Front-end action-bar comment count (17) matches Insights תגובות (17), no conflict."
"70","DEovXFYolG6","https://www.instagram.com/rotem_adini/reel/DEovXFYolG6/","2025-01-10","2025-01-10","עוגת קינמון עם קראמבל מושלם 🌟 [full ingredients + method: cinnamon marble cake with a cinnamon-brown sugar crumble topping]. נגיש עם שתייה חמה ובתיאבון! 💗","תקלטו את האווריריות של העוגה הזאת (on-screen text overlay, 'notice how airy this cake is')","Result-first","18.87","18.87","21199","181","38.7%","61.3%","300","11","435","88","836","55.2%","44.8%","681","10","0.47","20.52","4.15","0.52","14.15","39.44","32.12","Food","N/A","Dessert","Dessert (cinnamon crumb cake)","Hands-only demo","Hands-only demo","Unclear","Unclear (hands only visible in inspected frame)","No","No (meir43214 only comments)","No","No","No explicit CTA visible in extracted text","Organic","newly_inspected_for_latest70_task","Newly inspected for the latest-70 task. This is the oldest of the current 70-newest-Reels set (published 2025-01-10). Front-end action-bar comment count (11) matches Insights תגובות (11), no conflict."
